Time (s),Thrust (N)
0,0
0.00931677,534.483
0.0310559,448.276
0.0962733,465.517
0.372671,456.897
0.748447,439.655
1.14907,422.414
1.2,0
