Time (s),Thrust (N)
0.00621118,396.552
0.201863,413.793
0.400621,439.655
0.593168,491.379
0.717391,543.103
0.801242,508.621
0.993789,491.379
1.20186,448.276
1.40062,250
1.6,0
